above;8
adore;1
again;1
agreeing;1
ah;4
aidenn;2
air;1
all;4
ancient;1
angels;7
answer;1
aptly;1
art;1
ashore;1
back;4
balm;2
be;6
beak;1
beast;1
beating;1
before;8
beguiling;2
being;1
bends;1
betook;2
bird;11
black;1
bleak;2
blessed;1
books;2
bore;3
borrow;2
bosoms;1
both;1
broken;1
burden;2
burned;1
burning;1
bust;7
came;3
cannot;1
caught;1
censer;1
chamber;14
clasp;3
core;1
countenance;1
craven;1
crest;1
cried;2
croaking;1
curious;2
curtain;1
cushioned;1
cushions;1
dared;2
darkness;4
days;2
december;2
decorum;1
deep;1
demons;1
denser;1
desert;1
desolate;1
devil;2
did;1
dirges;1
disaster;1
discourse;1
distant;2
distinctly;2
divining;1
door;18
doubting;2
doubtless;1
dream;2
dreaming;3
dreams;2
dreary;2
dying;2
each;3
eagerly;2
ease;1
ebony;1
echo;1
ember;2
enchanted;1
engaged;1
entrance;4
entreating;4
ever;3
evermore;2
evil;2
explore;3
expressing;1
eyes;2
fact;1
faintly;1
fancy;5
fantastic;1
fast;1
faster;1
fearing;1
feather;1
felt;1
fiend;2
fiery;1
filled;1
flirt;1
flitting;1
floating;2
floor;6
flown;4
flung;2
flutter;1
fluttered;1
followed;2
footfalls;1
forget;1
forgiveness;1
forgotten;2
form;1
fowl;2
friends;2
front;1
further;1
gaunt;1
gave;1
gently;2
get;2
ghastly;2
ghost;2
gilead;2
gloated;1
gloating;2
god;3
grave;1
grew;2
grim;2
guessing;1
had;2
hath;5
haunted;2
have;5
head;1
hear;1
heard;2
heart;3
heaven;1
help;1
here;7
hesitating;1
him;1
home;2
hope;1
hopes;2
horror;2
human;1
implore;5
into;7
its;4
just;3
kind;1
laden;2
lady;1
lamplight;4
land;1
late;2
lattice;2
least;2
leave;4
lenore;13
lent;2
let;3
lie;1
lies;2
lifted;2
lining;3
linking;2
little;2
living;1
loneliness;1
lonely;1
long;1
longer;1
lord;1
lordly;1
lore;2
lost;4
louder;1
madam;1
made;2
maiden;5
many;3
marvelled;1
master;1
meaning;1
meant;1
melancholy;1
memories;2
merely;1
methought;1
midnight;2
mien;1
minute;2
moment;1
more;11
morrow;4
mortal;2
much;1
murmured;1
muttered;3
myself;2
mystery;3
name;7
nameless;2
napping;2
nearly;1
nepenthe;3
never;3
nevermore;13
nightly;2
nights;3
nodded;1
not;5
nothing;9
now;2
obeisance;2
oer;4
off;1
oh;1
ominous;2
once;2
one;4
only;4
open;2
opened;2
other;2
out;3
outpour;1
over;2
pallas;3
pallid;1
parting;2
peering;1
perched;5
perfumed;1
placid;1
plainly;1
plume;1
plutonian;3
pondered;2
presently;1
press;2
prophet;4
purple;1
quaff;2
quaint;2
quit;1
quoth;5
radiant;3
rapping;3
rare;3
raven;12
reclining;1
relevancy;1
remember;2
repeating;1
reply;1
respite;4
rustling;1
sad;3
said;8
sainted;2
saintly;2
sat;4
scarce;1
scarcely;2
sculptured;1
seat;1
see;2
seeing;1
seeming;1
sent;3
separate;2
seraphim;1
shadow;3
shall;6
shaven;1
shore;5
shorn;1
shrieked;2
shutter;2
sign;2
silence;1
silken;1
sinking;2
sir;1
sitting;3
smiling;2
some;7
something;2
somewhat;1
songs;1
soon;1
sorrow;7
sought;2
soul;9
spoke;1
spoken;3
startled;1
stately;2
stayed;2
stepped;1
stern;1
still;7
stillness;1
stock;1
stood;2
stopped;2
store;1
straight;1
streaming;1
stronger;1
such;1
suddenly;1
surcease;2
sure;2
surely;4
swung;1
syllable;1
t;4
take;2
tapping;5
tell;9
tempest;3
tempter;1
terrors;1
than;3
thee;7
then;10
there;10
thereat;2
these;2
thing;2
thinking;1
thou;1
though;2
thrilled;1
throws;1
thy;9
till;4
tinkled;1
token;2
tossed;1
truly;3
tufted;1
turning;1
unbroken;2
uncertain;1
undaunted;1
ungainly;2
unhappy;1
unmerciful;1
unseen;1
unto;2
upon;9
upstarting;2
uttered;1
utters;1
vainly;2
velvet;5
violet;2
visiter;5
volume;2
wandering;2
was;7
weak;2
weary;2
what;6
wheeled;1
when;1
whether;2
while;3
whispered;2
whom;6
whose;4
wide;2
will;2
wind;1
window;2
wished;2
with;10
within;3
wondering;1
word;7
wore;1
wretch;2
wrought;2
yet;2
yore;4
